X,Y,osm_id,shop,addr:housenumber,name,brand,operator,amenity,addr:housename,opening_hours,addr:city,addr:street,phone,name:en,addr:postcode,website,brand:wikidata,addr:unit,addr:province,level,owner,email,description,atm,payment:mastercard,payment:cash,payment:visa,opendata:type,washroom,brand:wikipedia,atm:operator,wheelchair,old_name,payment:debit_cards,payment:credit_cards,wheelchair:description,toilets:wheelchair,unit,lotto,lottery,drink:club-mate:note,drink:club-mate,hst_number,payment:interac,store_ref,fuel:diesel,payment:american_express,gst_number,payment:coins,alt_name,retail
-79.8435269,43.3583371,288347927,convenience,2025,Beckers Convenience,,,,,24/7,Burlington,Upper Middle Road,,,,,,,,,,,,,,,,,,,,,,,,,,,,,,,,,,,,,,,
-79.9386902,43.4242976,4408956889,convenience,2090,Kilbride General store,,,,,,,Kilbride Street,+1-905-335-2545,Kilbride General store,L7P 0J1,,,,,,,,,,,,,,,,,,,,,,,,,,,,,,,,,,,,
-79.8875433,43.5266237,2232090162,convenience,470,Mac's,,,,,,Milton,Steeles Avenue East,,,,http://www.macs.ca/,,,,,,,,,,,,,,,,,,,,,,,,,,,,,,,,,,,
-79.8507514,43.5179255,2271751918,convenience,9149,Zahra Mart Halal Meat & Food Convenience,,,,,,Milton,Derry Road West,,,,,,,,,,,,,,,,,,,,,,,,,,,,,,,,,,,,,,,
-79.860523,43.5337813,3348659235,convenience,1250,Milton Latino,,,,,,Milton,Main Street East,,,,,,,,,,,,,,,,,,,,,,,,,,,,,,,,,,,,,,,
-79.8600777,43.5342032,3348659227,convenience,1270,Hasty Market,Hasty Market,,,,,Milton,Main Street East,,,,http://www.hastymarketcorp.com/,Q58022603,,,,,,,,,,,,,,,,,,,,,,,,,,,,,,,,,,
-79.7917412,43.3942423,3732147422,convenience,2000,Cigars Etc.,,,,,,Burlington,Appleby Line,,,L7L 7H7,,,G2,,,,,,,,,,,,,,,,,,,,,,,,,,,,,,,,,
-79.6873615,43.4281878,558655883,convenience,509,Okhee's Corner Store,,,,,,,,,,,,,,,,,,,,,,,,,,,,,,,,,,,,,,,,,,,,,,
-79.7584736,43.5906987,1661632517,convenience,6700,Maplewood Variety,,,,,,Mississauga,Montevideo Road,,,L5N 1V1,,,,Ontario,,,,,,,,,,,,,,,,,,,,,,,,,,,,,,,,
-79.7219952,43.5881095,3456746470,convenience,3,Queen Street Convenience,,,,,,,Queen Street South,,,,,,,,,,,,,,,,,,,,,,,,,,,,,,,,,,,,,,,
-79.7114136,43.5801547,529512134,convenience,251,Karen Convenience,,,,,,Mississauga,Queen Street South,,,,,,2,,,,,,,,,,,,,,,,,,,,,,,,,,,,,,,,,
-79.6686032,43.5922518,3409474824,convenience,4885,On the Run,,Esso,,,,Mississauga,Mavis Road,,,,,,,,,,,,,,,,,,,,,,,,,,,,,,,,,,,,,,,
-79.6470478,43.5801074,3748566477,convenience,,Kitchen Food Fair,,,,,,,,,,,,,5,,,,,,,,,,,,,,,,,,,,,,,,,,,,,,,,,
-79.6416874,43.5934956,6550361987,convenience,100,Sukoshi Mart,,,,,,,City Centre Drive,,,,,,,,1,,,,,,,,,,,,,,,,,,,,,,,,,,,,,,,
-79.6265219,43.5135478,1349673347,convenience,,Clarkson Quick Market,,,,,"Mo-Fr 05:30-23:00; Sa-Su 07:00-23:00",,,,,,,,3,,,,,,,,,,,,,,,,,,,,,,,,,,,,,,,,,
-79.6153015,43.5309081,1862244310,convenience,1150,Lorne Park Variety,,,,,,Mississauga,Lorne Park Road,,,,,,6,,,,,,,,,,,,,,,,,,,,,,,,,,,,,,,,,
-79.6129528,43.5316039,1313087862,convenience,1107,Convenience J,,,,,,Mississauga,Lorne Park Road,,,,,,3,,,,,,,,,,,,,,,,,,,,,,,,,,,,,,,,,
-79.5962939,43.5421989,3342252354,convenience,368,N&N Variety,,,,,,Mississauga,Lakeshore Road East,,,,,,,,,,,,,,,,,,,,,,,,,,,,,,,,,,,,,,,
-79.5888997,43.5488899,1311244577,convenience,150,Bigs Milk,,,,,,Mississauga,Lakeshore Road West,,,,,,,,,,,,,,,,,,,,,,,,,,,,,,,,,,,,,,,
-79.6278075,43.5715933,4643756741,convenience,3045,Eagle Variety & Cigars,,,,,09:00-21:30,Mississauga,Clayhill Road,,,L5B 4L2,,,,,,,,,,,,,,,,,,,,,,,,,,,,,,,,,,,,
-79.6187015,43.581439,694341589,convenience,3070,Fanery's Coinvenience,,,,,,Mississauga,Hurontario Street,,,,,,,,,,,,,,,,,,,,,,,,,,,,,,,,,,,,,,,
-79.6179787,43.5819209,699619588,convenience,3075,Sam's Convenience,,,,,,Mississauga,Hurontario Street,,,,,,,,,,,,,,,,,,,,,,,,,,,,,,,,,,,,,,,
-79.6081875,43.5748862,414945699,convenience,2325,Rabba,,,,,,Mississauga,Hurontario Street,,,,,,,,,,,,,,,,,,,,,,,,,,,,,,,,,,,,,,,
-79.614944,43.5797011,708861074,convenience,2553,Sunrise Variety & Groceries,,,,,,Mississauga,Hurontario Street,+1-905-277-2143,,,,,,,,,,,,,,,,,,,,,,,,,,,,,,,,,,,,,,
-79.617278,43.5805848,640959691,convenience,10,News Plus,,,,,"Mo-Fr 08:00-20:30; Sa 09:00-19:00",Mississauga,3024 Hurontario Street,,,,,,,,,,,,,,,,,,,,,,,,,,,,,,,,,,,,,,,
-79.6157761,43.5805206,414574545,convenience,14,Min-A-Mart,,,,,,Mississauga,Dundas Street East,,,,,,,,,,,,,,,,,,,,,,,,,,,,,,,,,,,,,,,
-79.6177307,43.5817497,699619580,convenience,3065,SM Variety Store,,,,,,Mississauga,Hurontario Street,,,,,,,,,,,,,,,,,,,,,,,,,,,,,,,,,,,,,,,
-79.6136514,43.5802345,891897900,convenience,5,AA Discount,,,,,,Mississauga,2560 Shepard Avenue,,,,,,,,,,,,,,,,,,,,,,,,,,,,,,,,,,,,,,,
-79.5761101,43.5602708,2158526657,convenience,275,Popular Variety,,,,,,Mississauga,Lakeshore Road East,,,,,,,,,,,,,,,,,,,,,,,,,,,,,,,,,,,,,,,
-79.574114,43.56307,1327335383,convenience,347,Hasty Market,Hasty Market,,,,,Mississauga,Lakeshore Road East,,,,,Q58022603,,,,,,,,,,,,,,,,,,,,,,,,,,,,,,,,,,
-79.5782983,43.5759585,3234311877,convenience,606,U & I Convenience,,,,,,Mississauga,Arbor Road,,,,,,,,,,,,,,,,,,,,,,,,,,,,,,,,,,,,,,,
-79.5607873,43.5754462,2158443554,convenience,941,Lakeshore Foodmart,,,,,,,Lakeshore Road East,,,,,,B,,,,,,,,,,,,,,,,,,,,,,,,,,,,,,,,,
-79.5605707,43.5756469,2158443543,convenience,947,Evy's Variety,,,,,,,Lakeshore Road East,,,,,,,,,,,,,,,,,,,,,,,,,,,,,,,,,,,,,,,
-79.5555603,43.5804458,2158165786,convenience,1175,His Milk & Variety,,,,,,,Lakeshore Road East,,,,,,,,,,,,,,,,,,,,,,,,,,,,,,,,,,,,,,,
-79.5422275,43.5923065,1849979583,convenience,3805,Mark's Milk,,,,,,Etobicoke,Lake Shore Boulevard West,,,,,,,,,,,,,,,,,,,,,,,,,,,,,,,,,,,,,,,
-80.009031,43.6941292,3216526039,convenience,14303,Ballinafad Farm Market & Variety,,,,,,Ballinafad,Trafalgar Road,,,,,,,,,,,,,,,,,,,,,,,,,,,,,,,,,,,,,,,
-79.8992219,43.6490231,5757546447,convenience,280,Delrex Variety,,,,,"Mo-Fr 09:00-21:00, Sa 09:00-17:30, Su 10:00-16:30",,Guelph Street,,,,,,,,0,,,,,,,,,,,,,,,,,,,,,,,,,,,,,,,
-79.8218318,43.6757825,3942783759,convenience,60,Pari's Mount Pleasant Convenience,,,,,,,Commuter Drive,,,,,,1,,,,,,,,,,,,,,,,,,,,,,,,,,,,,,,,,
-79.8229088,43.6764558,2833729753,convenience,17,Mount Pleasant Variety,,,,,,,Sidford Road,,,,,,2,,,,,,,,,,,,,,,,,,,,,,,,,,,,,,,,,
-79.8232353,43.7163345,1921083517,convenience,423,Pearl Convenience,,,,,,Brampton,Wanless Drive,,,,,,103,,,,,,,,,,,,,,,,,,,,,,,,,,,,,,,,,
-79.8230019,43.7161813,1921083506,convenience,423,The little Linstead Market West Indian Grocery Store,,,,,,Brampton,Wanless Drive,+1-905-840-2200,,,,,107,,,,,,,,,,,,,,,,,,,,,,,,,,,,,,,,,
-79.8285852,43.7566847,3643360945,convenience,12541,Caledon #1 Convenience,,,,,,,Kennedy Road,,,,,,,,,,,,,,,,,,,,,,,,,,,,,,,,,,,,,,,
-79.866385,43.8699237,2416234664,convenience,15877,O.K. Convenience & Gas,,,fuel,,,Caledon,Airport Road,+1-905-584-2008,,L7C 1H9,,,,,,,,,,,,,,,,,,,,,,,,,,,,,,,,,,,,
-79.6970649,43.6100236,3958576724,convenience,,Hasty Market,,,,,,,,,,,,,106,,,,,,,,,,,,,,,,,,,,,,,,,,,,,,,,,
-79.6970205,43.6100172,4443758476,convenience,808,Mavis Convenience,,,,,,Mississauga,Britannia Rd W #106,+1-905-814-7266,,L5V 0A7,http://mavisconvenience.com,,,,,Sonia Chauhan,soniachauhan1@hotmail.com,,,,,,,,,,,,,,,,,,,,,,,,,,,,,
-79.671481,43.6021854,3302950222,convenience,512,Hasty Market,,,,Hasty Market,,Mississauga,Bristol Road West,,,L5R 3Z1,http://www.hastymarketcorp.com/,,,,,,,Small Convenience Store,,,,,,,,,,,,,,,,,,,,,,,,,,,,
-79.6471591,43.6205411,3941951554,convenience,,Rapid Convenience,,,,,,,,,,,,,18,,,,,,,,,,,,,,,,,,,,,,,,,,,,,,,,,
-79.7608278,43.7402143,4650637170,convenience,630,George's convenience,,,,,"Mo-Fr 06:00-24:00; Sa 07:00-24:00; Su 07:00-23:00",Brampton,Peter Robertson Boulevard,,,L6R 1T4,,,,,,,,,,,,,,,,,,,,,,,,,,,,,,,,,,,,
-79.6977024,43.6931738,3507050674,convenience,,Freezerland Nfld Inc.,,,,,,,,,,,https://freezerlandnfld.com/,,8,,,,,,,,,,,,,,,,,,,,,,,,,,,,,,,,,
-79.6797314,43.7138394,5355856076,convenience,7980,Circle K,,,,,,,Torbram Road,,,,,,,,,,,,,,,,,,,,,,,,,,,,,,,,,,,,,,,
-79.6114606,43.5991385,3940647370,convenience,646,Puff & Stuff Variety,,,,,,Mississauga,Bloor Street,,,,,,,,,,,,,,,,,,,,,,,,,,,,,,,,,,,,,,,
-79.6107719,43.614436,3465529294,convenience,1022,Spence's Natural Foods,,,,,,,Burnhamthorpe Road East,,,,,,,,,,,,,,,,,,,,,,,,,,,,,,,,,,,,,,,
-79.5871992,43.610182,3907577352,convenience,,168 Lucky Store,,,,,,,,,,,,,3,,,,,,,,,,,,,,,,,,,,,,,,,,,,,,,,,
-79.5625782,43.6348553,6302674402,convenience,290,Daisy Mart,,,,,,,The West Mall,,,,,,,,,,,,,,,,,,,,,,,,,,,,,,,,,,,,,,,
-79.5627328,43.6351604,6302674432,convenience,290,West Mall Super Save Food Mart,,,,,,,The West Mall,,,,,,,,,,,,,,,,,,,,,,,,,,,,,,,,,,,,,,,
-79.5420743,43.6406037,5037132798,convenience,3884,Diary Jug Conenience Store,,,,,,,Bloor Street West,,,,,,,,,,,,,,,,,,,,,,,,,,,,,,,,,,,,,,,
-79.5342309,43.5941428,1885316839,convenience,3585,Thomas Variety,,,,,,Toronto,Lake Shore Boulevard West,,,,,,,,,,,,,,,,,,,,,,,,,,,,,,,,,,,,,,,
-79.5341397,43.5941482,1885316848,convenience,3577,Long Branch Village Mart,,,,,,Etobicoke,Lake Shore Boulevard West,+1-416-255-0342,,,,,,,,,,,,,,,,,,,,,,,,,,,,,,,,,,,,,,
-79.5246468,43.5963321,2158114878,convenience,3319,Rigo's Variety,,,,,,,Lake Shore Boulevard West,,,,,,,,,,,,,,,,,,,,,,,,,,,,,,,,,,,,,,,
-79.5212392,43.5974075,1852079151,convenience,3216,Mon Lee's Variety,,,,,,Etobicoke,Lake Shore Boulevard West,,,,,,,,,,,,,,,,,,,,,,,,,,,,,,,,,,,,,,,
-79.5101303,43.5995098,1861622345,convenience,3063,Lakeshore Smoke & Variety,,,,,,Toronto,Lake Shore Boulevard West,,,,,,,,,,,,,,,,,,,,,,,,,,,,,,,,,,,,,,,
-79.5073816,43.6004587,1885527597,convenience,2988,Publik Variety,,,,,,Toronto,Lake Shore Boulevard West,,,,,,,,,,,,,,,,,,,,,,,,,,,,,,,,,,,,,,,
-79.5070557,43.6001891,2159618491,convenience,2987,Dairy Mart,,,,,,Toronto,Lake Shore Boulevard West,,,,,,,,,,,,,,,,,,,,,,,,,,,,,,,,,,,,,,,
-79.5055408,43.6005349,1861778739,convenience,2941,Village Convenience,,,,,,Etobicoke,Lake Shore Boulevard West,,,,,,,,,,,,,,,,,,,,,,,,,,,,,,,,,,,,,,,
-79.505067,43.6006361,1518516877,convenience,2931,Top Variety,,,,,,Toronto,Lake Shore Boulevard West,,,,,,,,,,,,,,,,,,,,,,,,,,,,,,,,,,,,,,,
-79.4996168,43.6018403,1861818947,convenience,2773,Bake's variety,,,,,,Toronto,Lake Shore Boulevard West,,,,,,,,,,,,,,,,,,,,,,,,,,,,,,,,,,,,,,,
-79.518951,43.6230293,1995526480,convenience,1118,Queensway Smoke Convenience,,,,,,,The Queensway,,,,,,,,,,,,,,,,,,,,,,,,,,,,,,,,,,,,,,,
-79.4997685,43.620075,1886020910,convenience,407,Royal Convenience,,,,,,,Royal York Road,+1-416-255-4214,,,,,,,,,,,yes,,,,,,,,,,,,,,,,,,,,,,,,,,,
-79.4936615,43.6043443,6645807510,convenience,16,Tim's Mini Mart,,,,,"Mo-Fr 08:30-21:00; Sa 09:00-21:00; Su 09:00-14:00",Etobicoke,Royal York Road,+1-416-503-8864,,M8V 2T2,http://timsminimart.com,,,,,,,,,yes,yes,yes,,,,,,,,,,,,,,,,,,,,,,,,
-79.4963806,43.6109904,1886065712,convenience,176,Sunny Convenience Plus,,,,,,,Royal York Road,,,,http://www.hastymarketcorp.com/,,,,,,,,,,,,,,,,,,,,,,,,,,,,,,,,,,,
-79.4964242,43.6118946,1886021069,convenience,215,Rocky Mart,,,,,,Etobicoke,Royal York Road,,,,,,,,,,,,,,,,,,,,,,,,,,,,,,,,,,,,,,,
-79.4894113,43.6130001,1886065736,convenience,2491,Jac's Milk,,,,,,Etobicoke,Lake Shore Boulevard West,,,,,,,,,,,,,,,,107005,,,,,,,,,,,,,,,,,,,,,,,
-79.4898459,43.6241313,3494914031,convenience,266,My Market,,,,,,Etobicoke,Manitoba Street,,,,,,,,,,,,,,,,,,,,,,,,,,,,,,,,,,,,,,,
-79.4772995,43.6260832,3670530409,convenience,82,Variety Plus,,,,,,Toronto,Marine Parade Drive,,,,,,,,,,,,,,,,,,,,,,,,,,,,,,,,,,,,,,,
-79.4788563,43.6270051,2359601034,convenience,2125,Rabba Fine Foods,,,,,,Etobicoke,Lake Shore Boulevard West,,,,,,,,,,,,,,,,112001,,,,,,,,,,,,,,,,,,,,,,,
-79.5381129,43.6415006,5045251812,convenience,3830,Maple Convenience,,,,,,,Bloor Street West,,,,,,,,,,,,,,,,,,,,,,,,,,,,,,,,,,,,,,,
-79.5318847,43.6457246,5161264392,convenience,5064,Dairy Milk,,,,,,,Dundas Street West,,,,,,,,,,,,,,,,,,,,,,,,,,,,,,,,,,,,,,,
-79.5207227,43.6451181,6304868756,convenience,3325,Young's Variety,,,,,,,Bloor Street West,,,,,,,,,,,,,,,,,,,,,,,,,,,,,,,,,,,,,,,
-79.5102493,43.647765,6306230091,convenience,2992,Kingsway Variety,,,,,,Etobicoke,Bloor Street West,,,M8X 1C2,,,,,,,,,,,,,,,,,,,,,,,,,,,,,,,,,,,,
-79.519517,43.6611357,6309798881,convenience,270,Humbertown Convenience,,,,,,,The Kingsway,,,,,,,,0,,,,,,,,,,,,,,,,,,,,,,,,,,,,,,,
-79.5093023,43.6808063,889504819,convenience,280,Circle K,Circle K,Esso,,,,Etobicoke,Scarlett Road,,,,,Q3268010,,,,,,,yes,,,,,yes,en:Circle K,RBC,,,,,,,,,,,,,,,,,,,,
-79.5059549,43.6774379,364937091,convenience,261,Royal Variety,,,,,,York,Scarlett Road,,,,,,,,,,,,,,,,,,,,,,,,,,,,,,,,,,,,,,,
-79.4871216,43.6562258,6363116946,convenience,289,Jug Mart Convenience,,,,,,,Jane Street,,,,,,,,,,,,,,,,,,,,,,,,,,,,,,,,,,,,,,,
-79.4878971,43.6584522,4493421926,convenience,786,Wally's Smoke,,,,,,,Annette Street,,,,,,,,,,,,,,,,,,,,,,,,,,,,,,,,,,,,,,,
-79.4875183,43.6585373,4493421923,convenience,778,Canary & Fox Micro Market,,,,,,,Annette Street,,,,https://canaryandfox.com/,,,,,,,,,,,,,,,,,,,,,,,,,,,,,,,,,,,
-79.483938,43.6496035,2405832064,convenience,2428,Jabez Gift & Variety,,,,,,Toronto,Bloor Street West,,,,,,,,,,,,,,,,,,,,yes,,,,,,,,,,,,,,,,,,,
-79.4792002,43.6503563,1684172576,convenience,2299,Max's Market,,,,,,Toronto,Bloor Street West,,,,https://www.maxsmarket.ca/,,,,,,,,,,,,,,,,yes,,,,,,,,,,,,,,,,,,,
-79.4770688,43.6511066,2405780606,convenience,2240,Circle K,Circle K,,,,,Toronto,Bloor Street West,,,M6S 1N6,,Q3268010,,,,,,,,,,,,,en:Circle K,,yes,,,,,,,,,,,,,,,,,,,
-79.4747154,43.651682,6376145779,convenience,2184,T.J.'s Variety,,,,,,Toronto,Bloor Street West,,,,,,,,,,,,,,,,,,,,,,,,,,,,,,,,,,,,,,,
-79.4635427,43.6541238,4496915298,convenience,1840,Rabba,,,,,,Toronto,Bloor Street West,,,,,,,,,,,,,,,,,,,,yes,,,,,,,,,,,,,,,,,,,
-79.4597546,43.6546108,588647080,convenience,1733,October Convenience,,,,,,Toronto,Bloor Street West,,,,,,,,,,,,,,,,,,,,,,,,,,,,,,,,,,,,,,,
-79.4541684,43.6561212,6341760038,convenience,1580,Scotty's Variety,,,,,,Toronto,Bloor Street West,,,,,,,,,,,,,,,,,,,,,,,,,,,,,,,,,,,,,,,
-79.4532283,43.6563147,5150012803,convenience,1550,Bloor Smoke Gift Variety,,,,,,Toronto,Bloor Street West,,,,,,,,,,,,,,,,,,,,,,,,,,,,,,,,,,,,,,,
-79.4800993,43.6599192,547832252,convenience,545,Little Bee Mart,,,,,,,Annette Street,,,,,,,,,,,,,,,,,,,,,,,,,,,,,,,,,,,,,,,
-79.4798934,43.6601977,547832250,convenience,522,Young Flowers Convenience,,,,,,,Annette Street,,,,,,,,,,,,,,,,,,,,,,,,,,,,,,,,,,,,,,,
-79.4675041,43.6655497,6491357326,convenience,2938,Junction Gardens Grand Bargain,,,,,,,Dundas Street West,,,,,,,,,,,,,,,,,,,,,,,,,,,,,,,,,,,,,,,
-79.464339,43.6655128,6491618241,convenience,2850,Big Convenience,,,,,,,Dundas Street West,,,,,,,,,,,,,,,,,,,,,,,,,,,,,,,,,,,,,,,
-79.461659,43.665438,6491731396,convenience,2776,T&P Vietnam Market,,,,,,,Dundas Street West,,,,,,,,,,,,,,,,,,,,,,,,,,,,,,,,,,,,,,,
-79.5582953,43.6947994,2346786763,convenience,408,Husky,,,,,,Etobicoke,Dixon Road,,,,,,,,,,,,,,,,,,,,,Sunoco,,,,,,,,,,,,,,,,,,
-79.5706839,43.7190217,4395552219,convenience,2140,Daisy Mart,,,,,,Etobicoke,Kipling Avenue,,,M9W 4K5,,,3A,,,,,,,,,,,,,,,,,,,,,,,,,,,,,,,,,
-79.5694736,43.7196561,3405891058,convenience,2141,Jug City,,,,,"Mo-Fr 07:30-21:00; Sa 08:30-21:00; Su 09:00-19:00",Etobicoke,Kipling Avenue,,,M9W 4K8,,,,,0,,,,,,,,,,,,,,,,,,,,,,,,,,,,,,,
-79.5884896,43.7331192,5917075342,convenience,1701,Dollar King & Party Supplies,,,,,Mo-Su 08:00-21:00,Etobicoke,Martin Grove Road,,,M9V 4N4,,,7,,,,,,,,yes,,,,,,,,yes,yes,,,,,,,,,,,,,,,,
-79.5884199,43.7331385,5917075343,convenience,1701,Convenience Store,,,,,Mo-Su 07:00-23:00,Etobicoke,Martin Grove Road,,,M9V 4N4,,,8,,,,,,,,yes,,,,,,,,yes,yes,,,,,,,,,,,,,,,,
-79.5921201,43.7420068,6334287548,convenience,1620,Jug City,,,,,,,Albion Road,,,,,,,,,,,,,,,,,,,,,,,,,,,,,,,,,,,,,,,
-79.5835293,43.7421895,6334218969,convenience,1530,Goodies Convenience,,,,,,,Albion Road,,,,,,,,0,,,,,,,,,,,,,,,,,,,,,,,,,,,,,,,
-79.5676857,43.738004,5708886322,convenience,1162,Albion Paan & Video,,,,,,Etobicoke,Albion Road,,,M9V 1A8,,,,,,,,,,,,,,,,,no,,,,It's permanently closed.,no,,,,,,,,,,,,,,
-79.5588837,43.735044,5709480421,convenience,900,Yong Albion Convinience,,,,,,Etobicoke,Albion Road,+1-416-740-4329,,M9V 1A5,,,,,,,,,,,,,,,,,limited,,,,,no,,,,,,,,,,,,,,
-79.5238441,43.6855781,6314606861,convenience,140,Circle K,Circle K,,,,,,La Rose Avenue,,,,,Q3268010,,,,,,,,,,,,,en:Circle K,,,,,,,,,,,,,,,,,,,,,
-79.5233895,43.6855335,6314606865,convenience,140,Melrose Variety,,,,,,,La Rose Avenue,,,,,,,,,,,,,,,,,,,,,,,,,,,,,,,,,,,,,,,
-79.5260927,43.7035378,368127384,convenience,2189-2191,Park's Supermarket,,,,,,York,Weston Road,,,,,,,,,,,,,,,,,,,,,,,,,,,,,,,,,,,,,,,
-79.5160878,43.6999949,6341397532,convenience,1894,E's Discount,,,,,,,Weston Road,,,,,,,,,,,,,,,,,,,,,,,,,,,,,,,,,,,,,,,
-79.5159974,43.6999482,6341397533,convenience,1890,Waryaa Covenience Store,,,,,,,Weston Road,,,,,,,,,,,,,,,,,,,,,,,,,,,,,,,,,,,,,,,
-79.5157448,43.6998762,6341397537,convenience,1880,Al-Baraka Variety Store,,,,,,,Weston Road,,,,,,,,,,,,,,,,,,,,,,,,,,,,,,,,,,,,,,,
-79.5128528,43.6987688,6341397568,convenience,1794,Jam's Grocery Variety,,,,,,,Weston Road,,,,,,,,,,,,,,,,,,,,,,,,,,,,,,,,,,,,,,,
-79.5133016,43.6989458,6341397562,convenience,1806,Global Groceries Canada,,,,,,,Weston Road,,,,,,,,,,,,,,,,,,,,,,,,,,,,,,,,,,,,,,,
-79.5074987,43.695869,6341456299,convenience,1615,Weston Rd. Convenience Store,,,,,,,Weston Road,,,,,,,,,,,,,,,,,,,,,,,,,,,,,,,,,,,,,,,
-79.5090055,43.72429,4504457658,convenience,2231,Seui Thi Super Market Chi Thanh,,,,,,,Jane Street,,,,,,,,,,,,,,,,,,,,,,,,,,,,,,,,,,,,,,,
-79.4742834,43.69018,383629935,convenience,2609,Variety & Video,,,,,,York,Eglinton Avenue West,,,,,,,,,,,,,,,,,,,,,,,,,,,,,,,,,,,,,,,
-79.4803711,43.7086375,6003902000,convenience,1442,,,,,,Mo-Sa 08:00-18:00,North York,Lawrence Avenue West,,,,,,,,1,,,Right down by the lobby.,,yes,yes,yes,,,,,,,yes,,,,,,,,,,,,,,,,,
-79.5201792,43.7579518,6370871210,convenience,1,Ross Convenience,,,,,,,York Gate Boulevard,,,,,,,,0,,,,,,,,,,,,,,,,,,,,,,,,,,,,,,,
-79.514462,43.7570428,6370640613,convenience,1911,Jane Finch Variety,,,,,,,Finch Avenue West,,,,,,,,0,,,,,,,,,,,,,,,,,,,,,,,,,,,,,,,
-79.6668192,43.7965528,3206975730,convenience,225,Hasty Market,,,,,,Brampton,Castle Oaks Crossing,,,L6P 3X3,,,50,,,,,,,,,,,,,,,,,,,,,,,,,,,,,,,,,
-79.5092022,43.8378232,4030068722,convenience,9300,Maplewood Convenience Store,,,,,,,,,,,,,,,,,,,,,,,,,,,,,,,,,,,,,,,,,,,,,,
-79.4599306,43.8485635,1831537642,convenience,9320,Grab N Go,,Grab N Go,,,,Maple,Bathurst Street,,,L6A 4N9,,,,,,,,,,,,,,,,,,,,,,,,,,,,,,,,,,,,
-79.4562123,43.944583,1766560607,convenience,60,King Deli,,,,,,,King Road,,,,,,,,,,,,,,,,,,,,,,,,,,,,,,,,,,,,,,,
-79.7873353,44.07849,4011506470,convenience,60,Daisy Mart,,,,,,New Tecumseth,Main Street West,,,L0G 1A0,,,,,,,,,,,,,,,,,,,,,,,,,,,,,,,,,,,,
-79.4559476,43.9545336,4145839627,convenience,13461,Hasty Market,,,,,"Su 09:00-22:00; Mo-Fr 06:30-23:00; Sa 09:00-22:00",Richmond Hill (Oak Ridges),Yonge Street,+1-905-773-6497,,L4E 0L2,,,,,,,,,,,,,,,,,,,,,,,4,,,,,,,,,,,,,
-79.4759272,43.9985395,2894630816,convenience,126,Circle K,Circle K,,,,24/7,Aurora,Wellington Street West,,,L4G 2N9,https://www.circlek.com/,Q3268010,,,1,,,,,,,,,,en:Circle K,,,,,,,,,,,,,,,,,,,,,
-79.5668874,44.1255099,2431539541,convenience,305,Daisy Mart,,,,,,Bradford,Barrie Street,,,,,,,,,,,,,,,,,,,,,,,,,,,,,,,,,,,,,,,
-79.4370653,43.6365376,6184564993,convenience,160A,Kapamilya Foods,,,,,,Toronto,Springhurst Avenue,+1-416-534-0269,,M6K 1C2,,,,,,,,,,,,,,,,,,,,,,,,,,,,,,,,,,,,
-79.4369312,43.636642,6184565002,convenience,160,Jameson Variety Fair,,,,,,Toronto,Springhurst Avenue,,,,,,,,,,,,yes,,,,,,,,,,,,,,,yes,,,,,,,,,,,,
-79.4437382,43.6393164,903717793,convenience,1666,Queen Mini Mart,,,,,,,Queen Street West,,,,,,,,,,,,,,,,,,,,,,,,,,,,,,,,,,,,,,,
-79.4475842,43.6429651,6325960671,convenience,127,Cinema Convenience,,,,,,Toronto,Roncesvalles Avenue,,,,,,,,,,,,,,,,,,,,,,,,,,,,,,,,,,,,,,,
-79.448597,43.6456026,530784881,convenience,211,Jac's Milk,,,,,09:00-23:00,Toronto,Roncesvalles Avenue,,,,,,,,,,,,,,,,,,,,,,,,,,,,,,,,,,,,,,,
-79.4497763,43.6486556,5508582721,convenience,319,Roncesvalles Convenience Plus,,,,,,Toronto,Roncesvalles Avenue,+1-416-531-2616,,M6R 2M6,,,,,,,,,,,,,,,,,yes,,,,StopGap ramp,,,,,,,,,,,,,,,
-79.4495983,43.6481875,1854911997,convenience,301,Garden Milk & Variety,,,,,,Toronto,Roncesvalles Avenue,+1-416-531-8755,,M6R 2M6,,,,,,,,,,,,,,,,,yes,,,,StopGap ramp,,,,,,,,,,,,,,,
-79.4406324,43.6399185,6493338035,convenience,1578,Lee's Variety,,,,,,,Queen Street West,,,,,,,,,,,,,,,,,,,,,,,,,,,,,,,,,,,,,,,
-79.4393803,43.6401636,6493338043,convenience,1534,Bernard's Pilipino Specialties,,,,,,,Queen Street West,+1-416-534-3640,,,,,,,,,,,,,,,,,,,,,,,,,,,,,,,,,,,,,,
-79.4383095,43.6403782,6482625781,convenience,1506,Mandala,,,,,,Toronto,Queen Street West,+1-647-352-1234,,,,,,,,,,,,,,,,,,,,,,,,,,,,,,,,,,,,,,
-79.4370233,43.640373,4435701086,convenience,1431,Queen Supermarket,,,,,,Toronto,Queen Street West,+1-416-534-0077,,M6K 1M3,https://www.queensupermarket.net/,,,,,,,,,,,,,,,,,,,,,,,,,,,,,,,,,,,
-79.4316606,43.638211,992146083,convenience,1316 1/2,Okay Convenience,,,,,,Toronto,King Street West,,,,,,,,,,,,,,,,,,,,,,,,,,,yes,,,,,,,,,,,,
-79.4314548,43.6417629,6481876644,convenience,1326,Lynn's Convenience,,,,,,Toronto,Queen Street West,,,,,,,,,,,,,,,,,,,,,,,,,,,,,,,,,,,,,,,
-79.4499597,43.649111,530778589,convenience,329,Master Supermarket,,,,,,Toronto,Roncesvalles Avenue,,,,,,,,,,,,,,,,,,,,,,,,,,,,,,,,,,,,,,,
-79.4512437,43.6515743,251246374,convenience,410,White Corner Variety,,,,,,Toronto,Roncesvalles Avenue,+1-416-530-4583,,M6R 2N2,,,,,,,,,,,,,,,,,yes,,,,StopGap ramp,,,,,,,,,,,,,,,
-79.4518574,43.6533995,253718699,convenience,484,Green Field,,,,,,Toronto,Roncesvalles Avenue,,,,,,,,,,,,,,,,,,,,,,,,,,,,,,,,,,,,,,,
-79.4499171,43.6526538,6382389309,convenience,2145,Lambert's Pump,,,,,,Toronto,Dundas Street West,,,,,,,,,,,,,,,,,,,,,,,,,,,,,,,,,,,,,,,
-79.4488161,43.657201,252170655,convenience,1452,3 Jit Variety,,,,,,Toronto,Bloor Street West,,,,,,,,,,,,,,,,,,,,,,,,,,,,,,,,,,,,,,,
-79.4479374,43.657371,5856826841,convenience,1422,Bloor Mini Mart,,,,,,Toronto,Bloor Street West,,,,,,,,,,,,,,,,,,,,,,,,,,,,,,,,,,,,,,,
-79.4431599,43.6583935,6341567838,convenience,1318,Harar Grocery,,,,,,Toronto,Bloor Street West,,,,,,,,,,,,,,,,,,,,,,,,,,,,,,,,,,,,,,,
-79.4425756,43.6585109,3435195517,convenience,1310,Hasty Market,,,,,,Toronto,Bloor Street West,,,,,,,,,,,,,,,,,,,,,,,,,,,,yes,,,,,,,,,,,
-79.439423,43.6510787,1245048192,convenience,1269,S Market,,,,,24/7,Toronto,College Street,,,M6H 1C5,,,3,,,,,,yes,,,,,,,,,,,,,,,,,,,,,,,,,,,
-79.4338009,43.6496835,2781439872,convenience,1555,Kevin's Convenience,,,,,,Toronto,Dundas Street West,,,,,,,,,,,,,,,,,,,,,,,,,,,,,,,,,,,,,,,
-79.4409618,43.6588893,5022507104,convenience,1264,TL Discount Store,,,,,,Toronto,Bloor Street West,,,,,,,,,,,,,,,,,,,,,,,,,,,,,,,,,,,,,,,
-79.4397696,43.6588583,6345455877,convenience,1205,Supermart Convenience,,,,,,Toronto,Bloor Street West,+1-416-531-3771,,,,,,,,,,,,,,,,,,,,,,,,,,,,,,,,,,,,,,
-79.4389194,43.6588985,6363749801,convenience,611,Gangladesh Corner Variety,,,,,,Toronto,Brock Avenue,+1-416-537-2661,,,,,,,,,,,,,,,,,,,,,,,,,,,,,,,,,,,,,,
-79.438549,43.6593525,2286832900,convenience,1210,Five Star Variety,,,,,,Toronto,Bloor Street West,,,,,,,,,,,,,,,,,,,,,,,,,,,,,,,,,,,,,,,
-79.438657,43.6595759,6258670123,convenience,615,Saponeti,,,,,,Toronto,Brock Avenue,+1-647-344-1875,,,https://www.saponetti.ca/,,C,,,,,Refill store for cleaning products,,,,,,,,,,,,,,,,,,,,,,,,,,,,
-79.4306816,43.6381367,6184565121,convenience,1265,King's Milk,,,,,,Toronto,King Street West,,,,,,,,,,,,,,,,,,,,,,,,,,,,,,,,,,,,,,,
-79.4287317,43.6387938,6184565136,convenience,1236,King's Food Market,,,,,,Toronto,King Street West,,,,,,,,,,,,,,,,,,,,,,,,,,,,,,,,,,,,,,,
-79.4286096,43.6388127,6184565138,convenience,1232,King Mini Mart,,,,,,Toronto,King Street West,,,,,,,,,,,,,,,,,,,,,,,,,,,,,,,,,,,,,,,
-79.4238567,43.6401487,6097088538,convenience,20,Fuzion Convenience,,,,,"Mo-Sa 07:00-22:00, Su 09:00-22:00",Toronto,Joe Shuster Way,,,,,,,,,,,,,,,,,,,,,,,,,,,,,,,,,,,,,,,
-79.418603,43.6399418,2562080189,convenience,75,Convenience K,,,,,,Toronto,Hanna Avenue,,,,,,,,,,,,,,,,,,,,,,,,,,,,,,,,,,,,,,,
-79.4126227,43.6421748,2353603186,convenience,952,Circle K,Circle K,,,,,Toronto,King Street West,,,M6K 1E4,,Q3268010,,,,,,,,,,,,,en:Circle K,,,On the Run,,,,,,,,,,,,,,,,,,
-79.4185641,43.6443689,6201102946,convenience,998,K & N Supermarket,,,,,,Toronto,Queen Street West,,,,,,,,,,,,,,,,,,,,,,,,,,,,,,,,,,,,,,,
-79.4178144,43.6445155,6201102949,convenience,974,Hong Phat,,,,,,Toronto,Queen Street West,,,,,,,,,,,,,,,,,,,,,,,,,,,,,,,,,,,,,,,
-79.4160649,43.6448784,6201102931,convenience,930,Family Mart,,,,,,Toronto,Queen Street West,+1-416-533-9779,,,,,,,-1,,,,,,,,,,,,,,,,,,,,,,,,,,,,,,,
-79.4266697,43.6536779,6376096828,convenience,942,Sunshine,,,,,,,College Street,,,,,,,,,,,,,,,,,,,,,,,,,,,,,,,,,,,,,,,
-79.42223,43.6492594,6240358466,convenience,1193,King's Fruit Supermarket,,,,,,Toronto,Dundas Street West,+1-647-352-1193,,,,,,,,,,,,,,,,,,,,,,,,,,,,,,,,,,,,,,
-79.4211276,43.6492405,6240358455,convenience,1151,Amigo Convenience,,,,,,Toronto,Dundas Street West,,,,,,,,,,,,,,,,,,,,,,,,,,,,,,,,,,,,,,,
-79.4224875,43.6545444,6848315607,convenience,830,College Variety Plus,,,,,,,College Street,,,,,,,,,,,,,,,,,,,,,,,,,,,,,,,,,,,,,,,
-79.4161561,43.6503618,6304072704,convenience,1014,Super 4 Variety & Grocery,,,,,,Toronto,Dundas Street West,,,,,,,,,,,,,,,,,,,,,,,,,,,,,Last verified November 2018,yes,,,,,,,,,
-79.4128988,43.6507918,4922343568,convenience,919,Discount Mart,,,,,,Toronto,Dundas Street West,+1-416-603-8959,,,,,,,,,,,,,,,,,,,limited,,,,it does have ramp,,,,,,,,,,,,,,,
-79.4114752,43.6513065,4922343574,convenience,878,Dundas Street Supermarket,,,,,"Mo-Fr 07:00-19:00, Sa 07:00-18:00, Su 07:00-14:00",Toronto,Dundas Street West,,,,,,,,,,,,,,,,,,,,,,,,,,,,,,,,,,,,,,,
-79.4136193,43.6553928,5431847321,convenience,590,Splish Splash,,,,,,Toronto,College Street,+1-416-532-6499,,,,,,,,,,"Convenience store, laundry, dry cleaning",,,,,,,,,,,,,,,,,,,,,,,,,,,,
-79.4347961,43.6601055,6371102737,convenience,1110,ABC Convenient,,,,,,Toronto,Bloor Street West,,,,,,,,,,,,,,,,,,,,,,,,,,,,,,,,,,,,,,,
-79.4330688,43.6604737,6340850225,convenience,1064,Luck Discount Variety,,,,,,Toronto,Bloor Street West,,,,,,,,,,,,,,,,,,,,,,,,,,,,,,,,,,,,,,,
-79.4315622,43.6673212,67972693,convenience,138,77 Food Market,,,,,,,Hallam Street,,,,,,,,,,,,,,,,,,,,,,,,,,,,,,,,,,,,,,,
-79.4294704,43.6609732,67972439,convenience,983,Bloor Mini Mart,,,,,,Toronto,Bloor Street West,,,,,,,,,,,,,,,,,,,,,,,,,,,,,,,,,,,,,,,
-79.4303081,43.6610893,6340806333,convenience,1000,21 Seven Market,,,,,,Toronto,Bloor Street West,,,,,,,,,,,,,,,,,,,,,,,,,,,,,,,,,,,,,,,
-79.4298546,43.6622892,67972738,convenience,782,John's Variety,,,,,,Toronto,Dovercourt Road,,,,,,,,,,,,,,,,,,,,,,,,,,,,,,,,,,,,,,,
-79.4279504,43.6613171,67972418,convenience,949,Stop 'N Shop,,,,,Mo-Su 09:00-23:00,Toronto,Bloor Street West,,,,,,,,,,,,,,,,,,,,,,,,,,,,,,,,,,,,,,,
-79.4272786,43.6614784,4818159685,convenience,927,Double Double Convenience,,,,,,Toronto,Bloor Street West,,,,,,,,,,,,,,,,,,,,,,,,,,,,,,,,,,,,,,,
-79.4253883,43.6621822,6340696125,convenience,884,Ossington Minimart,,,,,,Toronto,Bloor Street West,+1-416-537-4134,,,,,,,,,,,,,,,,,,,,,,,,,,,,,,,,,,,,,,
-79.4233511,43.6623617,6343511094,convenience,839,A L Mini Mart,,,,,,Toronto,Bloor Street West,,,,,,,,,,,,,,,,,,,,,,,,,,,,,,,,,,,,,,,
-79.4228804,43.6624645,6343511097,convenience,831,Freta Injera & Variety Store,,,,,,Toronto,Bloor Street West,+1-647-342-5355,,,,,,,,,,,,,,,,,,,,,,,,,,,,,,,,,,,,,,
-79.4283359,43.668034,4425991583,convenience,972,Foto Grocery,,,,,,,Ossington Avenue,+1-416-537-1664,,,,,,,,,,,,,,,,,,,,,,,,,,,,,,,,,,,,,,
-79.4183902,43.6639321,575245006,convenience,3,Christie Convenience,,,,,,Toronto,Christie Street,,,,,,A,,,,,,,,,,,,,,,,,,,,,,,,,,,,,,,,,
-79.414365,43.6604689,579254437,convenience,533,OJJJ's Variety,,,,,,Toronto,Harbord Street,,,,,,,,,,,,,,,,,,,,,,,,,,,,,,,,,,,,,,,
-79.4194288,43.6665134,67344925,convenience,151,My 151 Convenience,,,,,,,Barton Avenue,,,,,,,,,,,,,,,,,,,,,,,,,,,,,,,,,,,,,,,
-79.4096593,43.6653143,339423490,convenience,535,Annex Mart,,,,,,Toronto,Bloor Street West,,,,,,,,,,,,,,,,,,,,,,,,,,,,,,,,,,,,,,,
-79.4133745,43.670183,2065409164,convenience,990,Steven's Grocery,,,,,,Toronto,Bathurst Street,,,M5R 3G6,,,,,,,,,,,,,,,,,,,,,,,,,,,,,,,,,,,,
-79.4255077,43.6815653,5473925721,convenience,685,St Clair Convenience,,,,,,Toronto,St. Clair Avenue West,,,M6C 1A7,,,,,,,,,,,,,,,,,yes,,,,StopGap ramp,,,,,,,,,,,,,,,
-79.4172258,43.6799588,2535397427,convenience,1364,Green Farms,,,,,,Toronto,Bathurst Street,+1-416-532-6622,,,,,,,,,,,,,,,,,,,,,,,,,,,,,,,,,,,,,,
-79.4114419,43.6766648,2846395161,convenience,603,Lucky Mini Mart,,,,,,Toronto,Davenport Road,,,,,,,,,,,,,,,,,,,,,,,,,,,,,,,,,,,,,,,
-79.4068663,43.6429243,6386975375,convenience,795,QQ Store,,,,,,Toronto,King Street West,,,,,,,,,,,,,,,,,,,,,,,,,,,,,,,,,,,,,,,
-79.4047956,43.6469265,6358218801,convenience,675,Abby's Convenience and Wireless Club,,,,,,,Queen Street West,,,,,,,,,,,,,,,,,,,,,,,,,,,,,,,,,,,,,,,
-79.4044402,43.6472351,6358218805,convenience,596,Super Queen's Market,,,,,,,Queen Street West,,,,,,,,,,,,,,,,,,,,,,,,,,,,,,,,,,,,,,,
-79.4032587,43.6436755,5225571351,convenience,677,Busy Bee King Mart,,,,,24/7,Toronto,King Street West,,,,,,,,,,,,,,,,,,,,,,,,,,,,yes,,,,,,,,,,,
-79.3996511,43.6443951,3587014127,convenience,581,John's Mart,,,,,,Toronto,King Street West,,,M5V 1M1,,,,,,,,,,,,,,,,,,,,,,,,,,,,,,,,,,,,
-79.4007722,43.6479679,1193714298,convenience,886,Brothers Convenience,,,,,,,Queen Street West,,,,,,,,,,,,,,,,,,,,yes,,,,Very narrow isles inside,,,,,,,,,,,,,,,
-79.3983027,43.6484671,6419914086,convenience,430,Winton's Grocery,,,,,,,Queen Street West,,,,,,,,,,,,,,,,,,,,,,,,,,,,,,,,,,,,,,,
-79.3902507,43.6384669,3477659573,convenience,390,Queen's Quay Convenience,,,,,,Toronto,Queens Quay West,,,M5V 3A6,,,,,,,,,,,,,,,,,,,,,,,,,,,,,,,,,,,,
-79.3920708,43.6404321,1272837800,convenience,,Tuck Shop,,,,Mariner Terrace,,,,,,,,,,,,,,,,,,,,,,,,,,,,,,,,,,,,,,,,,,
-79.3913725,43.6431912,5202545053,convenience,361,,,,,,,Toronto,Front Street West,+1-416-205-9600,,,http://www.rabba.com/,,,,,,rabbaitems@rabba.com,,,,,,,,,,,,,,,,,,,,,R875912164,,,,,,,,
-79.3895732,43.6453229,368385378,convenience,224,International News,,,,,,,Wellington Street West,,,,,,,,,,,,,,,,,,,,,,,,,,,,,,,,yes,,,,,,,
-79.4080015,43.6520364,6808438773,convenience,788,Dundas Grocery,,,,,,,Dundas Street West,+1-416-902-9818,,,,,,,,,,,,,,,,,,,,,,,,,,,,,,,,,,,,,,
-79.4070366,43.6522344,5720736721,convenience,764,E Zhan Bubble Tea Internet Café,,,,,,Toronto,Dundas Street West,+1-647-430-5987,,M6J 1T8,,,,,,,,,,,,,,,,,no,,,,,no,,,,,,,,,,,,,,
-79.4001868,43.6500529,5771988071,convenience,65,Alexandra Tuck Shop,,,,,,,Augusta Avenue,,,,,,,,,,,,,,,,,,,,,,,,,,,,,,,,,,,,,,,
-79.3997958,43.6581229,152659340,convenience,260,7-Eleven,7-Eleven,,,,,Toronto,College Street,,,,https://www.7-eleven.com/,Q259340,,,,,,,,,,,,,en:7-Eleven,,no,,,,,,,,,,,,,,,,,,,
-79.3913182,43.6499621,513952391,convenience,252,Gardenview Convenience,,,,,24/7,Toronto,Queen Street West,+1-416-593-2560,,,,,,,,,,,yes,,,,,,,RBC,,,,,,,,,,,,,,,,,,,,
-79.3887926,43.6504791,6074566918,convenience,198,Express To Go Convenience,,,,,24/7,,Queen Street West,,,,,,,,,,,,,,,,,,,,,,,,,,,,,,,,,,,,,,,
-79.3910647,43.6538696,524137937,convenience,109,Grange Green Farms,,,,,,Toronto,McCaul Street,,,,,,,,0,,,,,,,,,,,,,,,,,,,,,,,,,,,,,,,
-79.38939,43.6547501,575209694,convenience,250,International News,,,,,,Toronto,Dundas Street West,,,,,,,,,,,,,,,,,,,,,,,,,,,,,,,,,,,,,,,
-79.3832331,43.6423835,491912595,convenience,129,Hasty Market,Hasty Market,,,,,Toronto,Bremner Boulevard,,,,http://www.hastymarketcorp.com/,Q58022603,,,,,,,,,,,,,,,,,,,,,,,,,,,,,,,,,,
-79.3769647,43.6432215,3928028047,convenience,14A,HarbourView Convenience,,,,,,Toronto,Harbour Street,,,,,,,,,,,,,,,,,,,,no,,,,,no,,,,,,,,,,,,,,
-79.3745923,43.6421903,2900120001,convenience,1,INS Market,,,,,"Mo-Fr 07:00-18:00; Sa-Su off",Toronto,Yonge Street,,,,,,,,,,,,,,,,,,,,,,,,,,,,,,,,,,,,,,,
-79.3728163,43.6486739,380041240,convenience,79,International News,,,,,,Toronto,Front Street East,,,,,,,,,,,,,,,,,,,,,,,,,,,,,,,,,,,,,,,
-79.386993,43.6491263,2323251362,convenience,126,Rabba Marché,,,,,,Toronto,Simcoe Street,+1-416-977-5463,,,http://www.rabba.com/,,,,,,rabbaitems@rabba.com,,,,,,,,,,,,,,,,,,,,,87591 2164 RT0001,,,,,,,,
-79.3848648,43.6502826,2721213096,convenience,133,Canar Gifts,,,,,,Toronto,Richmond Street West,,,,,,,,,,,,,,,,,,,,,,,,,,,,,,,,,,,,,,,
-79.3813927,43.6510367,273325240,convenience,372,7-Eleven,7-Eleven,,,,24/7,Toronto,Bay Street,+1-416-203-8350,,M5H 2W9,https://www.7-eleven.com/,Q259340,,,0,,,,,,,,,,en:7-Eleven,,,,,,,,,,,,,,yes,33491,,,,,,
-79.3854842,43.6593948,769480507,convenience,736,Joy Convenience,,,,,"Su 09:00-23:00; Mo-Th 08:30-23:00; Fr 08:30-24:00; Sa 09:00-24:00",Toronto,Bay Street,,,,,,,,,,,,yes,,,,,,,,,,,,,,,,,,,,,,,,,,,
-79.3828019,43.6574658,281669981,convenience,23,Elm Basket Food & Variety,,,,,,,Elm Street,,,,,,,,,,,,,,,,,,,,,,,,,,,,,,,,,,,,,,,
-79.374209,43.6491001,281665683,convenience,36,Total Convenience Food Market,,,,,,Toronto,Church Street,,,,,,,,,,,,,,,,,,,,,,,,,,,,,,,,,,,,,,,
-79.3711435,43.6493461,380040885,convenience,105,Time Square Convenience,,,,,,Toronto,Front Street East,,,,,,,,,,,,,,,,,,,,no,,,,,,,,,,,,,,,,,,,
-79.3729236,43.6525005,412351499,convenience,120,French Quarter Convenience & Grocery,,,,,"Mo-Fr 09:00-22:00; Sa 10:00-22:00; Su 11:00-22:00",Toronto,Lombard Street,,,,,,,,,,,,,,,,,,,,,,,,,,,,,,,,,,,,,,,
-79.3724356,43.6529039,270858365,convenience,115,Petro-Canada,Petro-Canada,,fuel,,,Toronto,Jarvis Street,,,,,Q1208279,,,,,,,,,,,115001,,en:Petro-Canada,,,,,,,,,,,,,,,,no,,,,,
-79.3698115,43.649849,3676543711,convenience,129,Market Place,,,,,,Toronto,Front Street East,,,M5A 1E3,,,,,,,,,,,,,,,,,yes,,,,,no,,,,,,,,,,,,,,
-79.3698622,43.6507787,4315311829,convenience,201,New Campus Variety,,,,,,Toronto,King Street East,,,M5A 1J5,,,,,,,,,,,,,,,,,,,,,,,,,,,,,,,,,,,,
-79.3712286,43.6580999,380038285,convenience,236,Sam's Food Store,,,,,24/7,Toronto,Sherbourne Street,+1-416-366-3554,,M5A 1Z9,,,,,,,,,,,,,,,,,,,,,,,,,,,,,,,,,,,,
-79.3720065,43.6583945,344478507,convenience,272,Your Pantry,,,,,,Toronto,Dundas Street East,+1-416-962-7896,,M5A 1Z9,,,,,,,,,,,,,,,,,,,,,,,,,,,,,,,,,,,,
-79.401933,43.6635684,305024937,convenience,651,Convenience.com,,,,,,Toronto,Spadina Avenue,,,,,,,,,,,,yes,,,,,,,,,,,,,,,,,,,,,,,,,,,
-79.3907475,43.6702632,1197877794,convenience,1240,Bellair Coffee Plus Convenience,,,,,"Mo-Sa 07:00-24:00; Su 09:00-24:00",Toronto,Bay Street,,,,,,,,,,,,yes,no,yes,no,,,,,,,,,,,,,yes,,,,yes,,,no,,,,
-79.4034806,43.6757672,560635922,convenience,150,Circle K,,,,,,Toronto,Dupont Street,,,M5R 2E6,,,,,,,,,,,,,,,,,,On the Run,,,,,,,,,,,yes,,,,,,,
-79.3898449,43.671152,1128460859,convenience,1255,Bay Convenience,,,,,,Toronto,Bay Street,,,,,,101,,,,,,,,,,,,,,,,,,,,,,,,,,,,,,,,,
-79.390212,43.677812,1288900446,convenience,1086,Roxboro Smoke & Treat,,,,,,Toronto,Yonge Street,,,,,,,,,,,,,,,,,,,,,,,,,,,,,,,,,,,,,,,
-79.3862985,43.6613158,769480519,convenience,800,INS Market,,,,,,Toronto,Bay Street,,,,,,,,,,,Sells olg,,,,,,,,,,,,,,,,,,,,,,,,,,,,
-79.3822809,43.6600921,1157113979,convenience,421,Convenience Milk,,,,,,Toronto,Yonge Street,,,,,,,,,,,,,,,,,,,,,,,,,,,,,,,,,,,,,,,
-79.3828093,43.6612168,1138265899,convenience,1,7-Eleven,7-Eleven,,,,,Toronto,Carlton Street,,,,https://www.7-eleven.com/,Q259340,,,,,,,,,,,,,en:7-Eleven,,no,,,,,no,,,,,,,,,,,,,,
-79.385776,43.664782,595986645,convenience,24,Rabba,,,,,24/7,Toronto,Wellesley Street West,+1-416-922-4451,,,,,,,,,,,,,,,,,,,,,,,,,,,,,,,,,,,R105222145,,,
-79.384656,43.6648032,280493840,convenience,568,Ultra Convenience,,,,,,Toronto,Yonge Street,,,,,,,,,,,,,,,,,,,,,,,,,,,,yes,,,,,,,,,,,
-79.38004,43.663849,5741810847,convenience,445,Maple Leaf Convenience,,,,,,Toronto,Church Street,+1-416-967-3564,,M4Y 2C5,,,,,,,,,,,,,,,,,no,,,,,no,,,,,,,,,,,,,,
-79.384599,43.6654018,5379553312,convenience,573,Mix40,,,,,,Toronto,Yonge Street,+1-647-748-5655,,M4Y 1Z2,http://mix40.mogroupp.com,,,,,,,,,,yes,,,,,,yes,,yes,,StopGap ramp,,,,,,,,,,,,,,,
-79.3807217,43.6654873,5749636621,convenience,497,Pusateri Fruit,,,,,,Toronto,Church Street,+1-416-923-2043,,M4Y 2C6,http://www.pusateri.ca,,,,,,,,,,,,,,,,yes,,,,,,,,,,,,,,,,,,,
-79.3786569,43.6659838,849193763,convenience,111,Corner Kitchen,,,,,,Toronto,Wellesley Street East,,,,,,,,,,,,yes,,,,,,,,,,,,,,,,,,,,,,,,,,,
-79.3737412,43.6631579,281361608,convenience,166,,,,,,,Toronto,Carlton Street,,,,,,,,,,,,,,,,,,,,no,,,,,,,,,,,,,,,,,,,
-79.3692029,43.6617678,5796529753,convenience,247,Gerrard Convenience,,,,,,Toronto ON,Gerrard Street East,+1-416-945-2277,,,,,,,,,,,,,,,,,,,yes,,,,,,,,,,,,,,,,,,,
-79.3663762,43.6599899,5110834818,convenience,330 1/2,Surma Super Market,,,,,,Toronto,Parliament Street,+1-416-925-2784,,,,,,,,,,,,,,,,,,,yes,,,,StopGap ramp,,,,,,,,,,,,,,,
-79.3668763,43.6621099,372354116,convenience,401,Jenny's Convenience,,,,,,Toronto,Parliament Street,+1-416-923-8737,,M5A 3A1,,,,,,,,,,,,,,,,,yes,,,,,,,,,,,,,,,,,,,
-79.3678378,43.6643617,372352555,convenience,491,Corner Discount,,,,,,Toronto,Parliament Street,+1-416-924-5155,,,,,,,,,,,yes,,,,,,,,yes,,,,StopGap ramp,,,,,,,,,,,,,,,
-79.3724521,43.6676734,281361302,convenience,224,Sunny Green Vegetable And Fruit Limited,,,,,,Toronto,Wellesley Street East,,,,,,,,,,,,,,,,107010,,,,,224 Mart,,,,,,,,,,,,,,,,,,
-79.3694062,43.6673898,4015549354,convenience,566,Kalaimakal Convenience,,,,,,Toronto,Parliament Street,,,M4X 1P8,,,,,,,,,,,,,,,,,no,,,,,,,,,,,,,,,,,,,
-79.3696273,43.6680278,281916195,convenience,592,Jamestown Milk,,,,,,Toronto,Parliament Street,+1-416-923-4354,,M4X 1P8,,,,,,,,,,,,,,,,,yes,,,,StopGap ramp,,,,,,,,,,,,,,,
-79.369308,43.668079,5801942353,convenience,609,Parliament Smoke & Gift,,,,,,Toronto,Parliament Street,+1-416-968-3794,,M4X 1P9,,,,,,,,,,,,,,,,,yes,,,,,,,,,,,,,,,,,,,
-79.376133,43.6709601,380027367,convenience,591,Handy Variety,,,,,24/7,Toronto,Parliament Street,,,,,,,,,,,,,,,,,,,,,,,,,,,,,,,,,,,,,,,
-79.364212,43.649842,2765984532,convenience,252,,,,,,,Toronto,The Esplanade,,,,,,,,,,,,,,,,,,,,,,,,,,,,,,,,,,,,,,,
-79.3499468,43.6587091,354968802,convenience,705,Starbank Convenience Mart,,,,,24/7,,Queen Street East,,,,,,,,,,,,,,,,,,,,,,,,,,,,,,,,,,,,,,,
-79.3483363,43.678093,373114859,convenience,521A,Lucky Spot,,,,,,Toronto,Danforth Avenue,,,,,,,,,,,,,,,,,,,,,,,,,,,,,,,,,,,,,,,
-79.3441087,43.6774888,591115494,convenience,659,P & L Variety Inc.,,,,,,Toronto,Pape Avenue,,,,,,,,,,,,,,,,,,,,,,,,,,,,,,,,,,,,,,,
-79.3483163,43.6805668,373116934,convenience,850,Carlaw Convenience,,,,,,Toronto,Carlaw Avenue,,,,,,,,,,,,,,,,,,,,,,,,,,,,,,,,,,,,,,,
-79.337027,43.6728384,569656245,convenience,349,Uncle Don's,,,,,,Toronto,Jones Avenue,+1-416-463-9979,,M4J 3G4,,,,,,,,,,,,,,,,,,,,,,,,,,,,,,,,,,,,
-79.3167726,43.666415,1298025333,convenience,1612,Park Discount,,,,,,Toronto,Queen Street East,,,,,,,,,,,,,,,,,,,,,,,,,,,,yes,,,,,,,,,,,
-79.2985689,43.6786396,860789055,convenience,609,Beach Food Mart,,,,,,Toronto,Kingston Road,,,,,,,,,,,,,,,,,,,,,,,,,,,,,,,,,,,,,,,
-79.2792421,43.6748234,550879139,convenience,2414,,,,,,,Toronto,Queen Street East,,,,,,,,,,,,,,,,,,,,,,,,,,,,,,,,,,,,,,,
-79.4347601,43.6868767,243421027,convenience,400,Hasty Market,Hasty Market,,,,,York,Winona Drive,,,,http://www.hastymarketcorp.com/,Q58022603,,,,,,,,,,,,,,,,,,,,,,,,,,,,,,,,,,
-79.4256925,43.6818574,502704876,convenience,684,Jug Town,,,,,,Toronto,St. Clair Avenue West,,,,,,,,,,,,,,,,,,,,,,,,,,,,,,,,,,,,,,,
-79.4238714,43.6822267,7376813157,convenience,632,Lisa and Jade's Hillcrest Market,,,,,,,St. Clair Avenue West,,,,,,,,,,,,,,,,,,,,,,,,,,,,,,,,,,,,,,,
-79.4212781,43.6845219,6550544314,convenience,121,U-Save Milk Store,,,,,,Toronto,Vaughan Road,,,,,,,,,,,,,,,,,,,,,,,,,,,,,,,,,,,,,,,
-79.4296857,43.7206323,7393596103,convenience,3095,777 Variety,,,,,,North York,Bathurst Street,+1(416) 785-9103,,,,,,Ontario,,,,,,,yes,,,,,,,,yes,yes,,,,,,,,,,,,,,yes,,
-79.3928846,43.6871218,1228454412,convenience,11,Circle K,,,,,,Toronto,Pleasant Boulevard,+1-416-925-7928,,M4T 1K2,http://www.macs.ca/,,,,,,,,,yes,yes,yes,,,,,,Mac's,,,,,,,,,,R104855408,yes,,,,,,,
-79.391573,43.682478,1375319363,convenience,1177,Luni Tuni Convenience,,,,,,Toronto,Yonge Street,,,,,,,,,,,,,,,,,,,,,,,,,,,,,,,,,,,,,,,
-79.3979605,43.6874677,502720111,convenience,78,Mac's,,,,,,Toronto,St. Clair Avenue West,+1-416-324-9844,,M4V 1M7,http://www.macs.ca/,,,,,,,,,,,,,,,,,,,,,,,,,,,,yes,,,,,,,
-79.3968873,43.6872871,2801514215,convenience,55,Prime Gifts & Convenience,,,,,,Toronto,St. Clair Avenue West,,,,,,,,,,,,yes,,,,,,,,,,,,,,,,yes,,,,,,,,,,Prime Tobacco & Gifts,
-79.4065003,43.6984661,3231903524,convenience,866,On the Run,,Esso,,,,Toronto,Avenue Road,,,,,,,,,,,,yes,,,,,,,,,,,,,,,,,,,,,,,,,,,
-79.3861777,43.6986546,251047415,convenience,381,Esso,Esso,,fuel,,,Toronto,Mount Pleasant Road,,,M4S 2L5,https://www.esso.ca/,Q867662,,,,,,,yes,,,,,,en:Esso,RBC,,,,,,,,yes,,,,,,,no,,,,Eli's Esso,
-79.386278,43.6989339,2137983513,convenience,381,Circle K,,,,,,Toronto,Mount Pleasant Road,,,,,,,,,,,,,,,,,,,,,On the Run,,,,,,,,,,,,,,,,,,
-79.3992228,43.706892,4077386950,convenience,2300,Yonge-Eglinton Centre Postal Service and Variety,,,post_office,,,Toronto,Yonge Street,,,,,,,,0,,,,,,,,,,,,yes,,,,,,,,,,,,,,,,,,,
-79.3983618,43.7077762,1878425999,convenience,2305,jusil Convenience,,,,,,Toronto,Yonge Street,,,,,,,,,,,,yes,,,,,,,,,,,,,,,,yes,,,,,,,,,,,
-79.397619,43.7067887,317054745,convenience,1,7-Eleven,7-Eleven,,,,,Toronto,Eglinton Avenue East,,,M4P 3A1,https://www.7-eleven.com/,Q259340,,,,,,,,,,,,,en:7-Eleven,,,,,,,,,,,,,,,,,,,,,
-79.394237,43.70776,1392106107,convenience,150,The Smoke Shop,,,,,,Toronto,Eglinton Avenue East,,,,,,,,,,,,yes,,,,,,,,yes,,,,,,,,,,,,,,,,,,,
-79.391677,43.708264,1392114270,convenience,220,Pilipino & Convenience Store,,,,,,Toronto,Eglinton Avenue East,,,,,,,,,,,,,,,,,,,,,,,,,,,,,,,,,,,,,,220 Convenience,
-79.3938159,43.7127724,3050752469,convenience,140,Erskine Tuck Shop,,,,,,Toronto,Erskine Avenue,,,,,,,,,,,,yes,,,,,,,,,,,,,,,,yes,,,,,,,,,,,
-79.40181,43.7220838,956229072,convenience,2914,Food Plus Market,,,,,24/7,Toronto,Yonge Street,,,,,,,,,,,,yes,,,,,,,,,,,,,,,,,,,,,,,,,,,
-79.3781082,43.713551,276270556,convenience,1840,Esso,Esso,,fuel,,,North York,Bayview Avenue,,,,https://www.esso.ca/,Q867662,,,,,,,yes,,,,,,en:Esso,RBC,yes,,,,,,,,,,,,,,no,,,,,
-79.4323175,43.7325618,561040799,convenience,3587,7-Eleven,,,,,,North York,Bathurst Street,,,,https://www.7-eleven.com/,,,,,,,,yes,,,,112001,,,CIBC,,,,,,,,,,,,,,,,,,,,
-79.4089129,43.7577064,540294865,convenience,12,Rabba,,,,,24/7,North York,Harrison Garden Boulevard,,,M2N 7K6,,,,,,,,,,,,,,,,,,,,,,,,,,,,,,,,,,,,
-79.3884837,43.7661302,386776803,convenience,461,Esso,Esso,,fuel,,,North York,Sheppard Avenue East,,,,https://www.esso.ca/,Q867662,,,,,,,yes,,,,,,en:Esso,RBC,,,,,,,,,,,,,,,no,,,,,
-79.3874714,43.766433,386776963,convenience,2831,Shell,Shell,,fuel,,,North York,Bayview Avenue,,,,,Q154950,,,,,,,,,,,112001,,en:Royal Dutch Shell,,,,,,,,,,,,,,,,yes,,,,,
-79.3472066,43.6856874,373123737,convenience,923,Everything Store,,,,,,East York,Pape Avenue,,,,,,,,,,,,,,,,,,,,,,,,,,,,,,,,,,,,,,,
-79.3267518,43.682541,5437754621,convenience,1425,Holrds Convenience,,,,,,Toronto,Danforth Avenue,+1-647-351-0803,,,,,,,,,,,,,,,,,,,yes,,,,StopGap ramp,,,,,,,,,,,,,,,
-79.3276494,43.69395,372934772,convenience,901,?? Variety,,,,,,East York,Coxwell Avenue,,,,,,,,,,,,,,,,,,,,,,,,,,,,,,,,,,,,,,,
-79.3291721,43.6976524,5052405529,convenience,561,Circle K,,,,,,East York,O'Connor Drive,+1-416-421-9333,,M4C 2Z7,,,,,,,,,,,,,,,,,,,,,,,,,,,,,yes,,,,,,,
-79.3490031,43.7049497,387790712,convenience,8,Super Stop,,,,,24/7,East York,Thorncliffe Park Drive,,,,,,,,,,,,yes,,,,112001,,,CIBC,,,,,,,,,,,,,,,,,,,,
-79.3139971,43.6855419,859635110,convenience,2044,Better Bulk,,,,,,Toronto,Danforth Avenue,+1-416-690-8868,,,,,,,,,,,,,,,,,,,,,,,,,,,,,,,,,,,,,,
-79.317375,43.6907366,518304250,convenience,167,Woodmount Variety,,,,,,East York,Woodmount Avenue,,,,,,,,,,,,,,,,,,,,,,,,,,,,,,,,,,,,,,,
-79.3043752,43.6916186,276758156,convenience,131,Vic's Milk,,,,,,Toronto,Chisholm Avenue,,,,,,,,,,,,,,,,,,,,,,,,,,,,,,,,,,,,,,,
-79.3032765,43.6918296,276758807,convenience,70,B & D Variety Store,,,,,,East York,Doncaster Avenue,,,,,,,,,,,,yes,,,,,,,,,,,,,,,,,,,,,,,,,,,
-79.3133278,43.7054617,4630113391,convenience,2650,Grocery & Bargain,,,,,"Mo-Sa 09:00-19:00; Su 10:00-19:00",Toronto,St Clair Avenue East,,,M4B 3M1,,,,,,,,,,,,,,,,,,,,,,,,,,,,,,,,,,,,
-79.3068988,43.7065455,278862314,convenience,2775,Plymouth Variety,,,,,,East York,St Clair Avenue East,,,,,,,,,,,,,,,,,,,,,,,,,,,,,,,,,,,,,,,
-79.3428913,43.7368144,387792406,convenience,1095,Super Stop,,,,,,North York,Don Mills Road,,,,,,,,,,,,,,,,112001,,,,,,,,,,,,,,,,,,,,,,,
-79.2814601,43.7652259,3739757327,convenience,1480,Circle K,Circle K,,,,,Scarborough,Kennedy Road,,,,,Q3268010,,,,,,,,,,,,,en:Circle K,,,On The Run,,,,,,,,,,,,,,,,,,
-79.2688982,43.7076736,433542283,convenience,462,Sam's Milk & Variety Market,,,,,,Scarborough,Birchmount Road,,,M1K 1N8,,,,,,,,,,,,,,,,,no,,,,,,,,,,,,,,,,,,,
-79.2719939,43.71374,373162711,convenience,3437,Daisy Mart,,,,,,Scarborough,St Clair Avenue East,,,,,,,,,,,,,,,,,,,,,,,,,,,,,,,,,,,,,,,
-79.2717082,43.7138082,373162929,convenience,3447,Dollar Variety Smoke & Gift,,,,,,Scarborough,St Clair Avenue East,,,,,,,,,,,,,,,,,,,,,,,,,,,,,,,,,,,,,,,
-79.2383043,43.7394409,6762402712,convenience,2900,Circle K,Circle K,,,,,Scarborough,Eglinton Avenue East,,,M1J 2E4,,Q3268010,,,,,,,,,,,,,en:Circle K,,,,,,,,,,,,,,,,,,,,,
-79.2213506,43.7505163,542033108,convenience,421,Markham Variety,,,,,,Scarborough,Markham Road,,,,,,,,,,,,,,,,,,,,,,,,,,,,,,,,,,,,,,,
-79.4440663,43.7810034,1416644661,convenience,515,On the Run,,,,,,North York,Drewry Avenue,,,,,,,,,,,,yes,,,,115001,,,RBC,,,,,,,,,,,,,,,,,,,,
-79.414938,43.778603,1208787297,convenience,5545,H Mart,,,,,,North York,Yonge Street,,,M2N 7L3,,,,,,,,,,,,,,,,,,,,,,,,,,,,,,,,,,,,
-79.4147737,43.7797541,5559913025,convenience,9,Family Convenience,,,,,Mo-Su 08:00-23:30,Toronto,Finch Avenue East,,,M2N 7K4,,,,,,,,,,,,,,,,,,,,,,,,,,,,,,,,,,,,
-79.3476922,43.7752484,387793884,convenience,2500,Circle K,Circle K,,,,,North York,Don Mills Road,,,,,Q3268010,,,,,,,,,,,112001,,en:Circle K,,,On The Run,,,,,,,,,,,,,,,,,,
-79.309983,43.7852759,712613211,convenience,2365,Warden Mart Dollar & Smoke Shop,,,,,,Scarborough,Warden Avenue,,,,,,,,,,,,,,,,,,,,,,,,,,,,,,,,,,,,,,,
-79.2796724,43.7854811,2156757721,convenience,4190,Diary Mart,,,,,Mo-Su 07:00-22:00,Scarborough,Sheppard Avenue East,,,M1S 1T3,,,,,,,,,,,,,,,,,,,,,,,,,,,,,,,,,,,,
-79.4163115,43.8755554,2696983959,convenience,669,Mackenzie's Convenience,,,,,,Richmond Hill,Major MacKenzie Drive East,,,,,,,,,,,,,,,,,,,,,,,,,,,,,,,,,,,,,,Daisy Mart,
-79.230227,43.77385,1423451806,convenience,1021,Mac's,,,,,,,Markham Road,,,,http://www.macs.ca/,,,,,,,,,,,,,,,,,,,,,,,,,,,,,,,,,,,
-79.2659691,43.8316386,5290828995,convenience,5661,Nguyen Huong Foods Company,,,,,Mo-Su 10:00-22:30,Scarborough,Steeles Avenue East,+1-416-292-8875,,M1V 5P6,,,,,,,,,,,,,,,,,,,,,,,,,,,,,,,,,,,,
-79.1839032,43.7871987,558583562,convenience,3355,Family Mart Plus,,,post_office,,,Scarborough,Ellesmere Avenue,,,,,,,,,,,,,,,,,,,,,,,,,,,,,,,,,,,,,,,
-79.1504807,43.8007284,4484927302,convenience,11721,sunshine variety,,,,,,,Sheppard Avenue East,+1-416-287-1549,sunshine variety,,,,,,,,,,,,,,,,,,,,,,,,,,,,,,,,,,,,,
-79.2599026,43.8750678,382988958,convenience,37,Quick Trip Convenience,,,,,,,Main Street Markham North,,,,,,,,,,,,,,,,,,,,,,,,,,,,,,,,,,,,,,,
-79.0907287,43.8372982,765498145,convenience,1298,Circle K,Circle K,,,,,Pickering,Liverpool Road,,,,http://www.macs.ca/,Q3268010,,,,,,,,,,,,,en:Circle K,,,,,,,,,,,,,,,,,,,,,
-79.0756878,43.8473761,1378040782,convenience,1660,West Indian Food Mart,,,,,,,Kingston Road,+1-905-686-2584,,,,,,,,,,,,,,,,,,,,,,,,,,,,,,,,,,,,,,
-78.9460676,43.9121716,4358055689,convenience,10,Jugcity,,,,,,,Meadowglen Drive,,Jugcity,,,,,,,,,,,,,,,,,,,,,,,,,,,,,,,,,,,,,
-78.863456,43.8975137,1509177839,convenience,1,Smoke Time Corner Store,,,,,,Oshawa,Simcoe Street South,,,,,,,,,,,,,,,,,,,,,,,,,,,,,,,,,,,,,,,
-78.8791068,43.9058298,6195225239,convenience,292,Harmony Variety,,,,,,Oshawa,Annapolis Avenue,+1-905-725-1679,,L1J 2X9,,,,,,,,,,,yes,,,,,,,,yes,yes,,,,,,,,,,,,,,yes,,
-78.8744978,43.9293397,3815584477,convenience,100,Nonquon Best Variety,,,,,,Oshawa,Nonquon Road,,,,,,,,,,,,,,,,,,,,,,,,,,,,,,,,,,,,,,,
-78.8073536,43.8939069,6193974512,convenience,2,Fans Convenience Store,,,,,Mo-Su 07:00-22:00,Courtice,Glenabbey Drive,,,L1E 1B9,,,,,,,,,,,,,,,,,,,,,,,,,,,,,,,,,,,,
-79.4373428,44.0460288,5150777816,convenience,869,Mulock Kitchen Food Fair,,,,,"Mo-Fr 06:30-22:00; Sa-Su 08:00-22:00",Newmarket,Mulock Drive,+1-905-954-0908,,L3Y 8S3,,,,,,,,,,,,,,,,,,,,,,,,,,,,,,,,,,,,
-79.2579645,43.969282,429371959,convenience,5946,Circle K,Circle K,,,,,Whitchurch-Stouffville,Main Street,+1-905-640-6449,,L4A 3A1,http://www.macs.ca/,Q3268010,,,,,,,,,,,,,en:Circle K,,,,,,,,,,,,,,,,,,,,,
-79.1983202,44.036303,3726253802,convenience,290,Esso,,,,,,Goodwood,Regional Highway 47,,,L0C 1A0,,,,,,,,,,,,,,,,,,,,,,,,,,,,,,,,,,,Goodwood Esso,convenience_store
-79.3099,44.1352866,5139778935,convenience,61,Mount Albert Main Milk,,,,,,East Gwillimbury,Main Street,,,L0G 1M0,,,,,,,,,,,,,,,,,,,,,,,,,,,,,,,,,,,,
-78.7254534,44.2131648,2276188755,convenience,293,Independent Grocer,,,,Independent Grocer,,,Pigeon Creek Road,,,L0B 1K0,,,,,,,,,,,,,,,,,,,,,,,,,,,,,,,,,,,,
